candidate_id,generator,target,run_id,seed,chain_format,sequence,structure_backend,status,output_structure_path,abmpnn_score,abmpnn_seqid,alpha_all,alpha_interface,beta_all,beta_interface,beta_strand,binder_near_hotspot,binder_near_hotspot_filter,binder_score,cdr3_hotspot_contacts,cdr3_hotspot_contacts_filter,cdr_hotspot_contacts,cdr_lengths,cdr_sap,clashes,clashes_filter,clashes_unrelaxed,design_name,design_time,experiment_name,external_aggregate_score,external_binder_pae,external_chain_ptm,external_i_pae,external_i_plddt,external_iptm,external_iptm_filter,external_pae,external_pae_filter,external_plddt,external_plddt_binder,external_plddt_filter,external_ptm,external_ptm_filter,final_structure_path,framework_mutations,helix,hydrophobic_patches_binder,hydrophobic_patches_struct,i_pae,i_ptm,interface_AA,interface_dG,interface_dG_SASA_ratio,interface_dSASA,interface_delta_unsat_hbonds,interface_delta_unsat_hbonds_percentage,interface_fraction,interface_hbond_percentage,interface_hbonds,interface_hbonds_filter,interface_hydrophobicity,interface_hydrophobicity_filter,interface_nres,interface_packstat,interface_residues,interface_shape_comp,interface_shape_comp_filter,ipsae,ipsae_pdockq2,lis_lia,lis_lis,lm_ll,loops_all,loops_interface,loss,n_framework_mutations,pae,pdockq2,pdockq2_filter,percent_interface_cdr,percent_interface_cdr3,percent_interface_cdr_filter,plddt,ptm,sap_score,sc_rmsd,sc_rmsd_filter,ss_content,surface_hydrophobicity,surface_hydrophobicity_filter,target_hotspots,target_len,trajectory_pdb_af,trajectory_sequence
pdl1_scfv_s979559_abmpnn_2,germinal,pdl1,phase2_pdl1_smoke,979559,scfv,EVQLVESGGGLVQPGGSLRLSCAASQKLSSKLYICWVRQAPGKGLEWVARIYIGCGYTRYADSVKGRLTISADTSKNTAYLQMNSLRAEDTAVYYCFTRHANLINEYHYWGQGTLVTVSSAGGGGSGGGCPGGYSDIQMTQSPSSLSASVGDRVTITCRASHDWWMAVAWYQQKPGKAPKLLIYYKTNRASGVPSRFSGSRSGTDFTLTISSLQPEDFATYYNQAEWPDYMYFGQGTKVEIK,chai,redesign_candidate,/home/zichende/projects/generative-ai-project-share/results/germinal_phase2/runs/phase2_pdl1_smoke/pdl1_smoke/trajectories/structures/pdl1_scfv_s979559_abmpnn_2_relaxed.pdb,0.6483397140068633,0.3235294116695502,2.48,0.0,49.59,22.22,2.222163438796997,True,True,-720.69,4,True,14,"8,8,13,6,6,9",34.9115,0,True,0,pdl1_scfv_s979559_abmpnn_2,0h 31m 14s,phase2_pdl1_smoke,0.7264266,6.7534,1,0.76662475,0.8193,0.7022569,False,6.8808,True,0.8468,0.8227,False,0.8231051,False,/home/zichende/projects/generative-ai-project-share/results/germinal_phase2/runs/phase2_pdl1_smoke/pdl1_smoke/trajectories/structures/pdl1_scfv_s979559_abmpnn_2_relaxed.pdb,"['H35C', 'F68L', 'G130C', 'S131P', 'G134Y', 'C223N']",0.4287269711494446,1,0,0.13507544994354248,0.7971712350845337,"{'A': 1, 'C': 1, 'D': 2, 'E': 0, 'F': 0, 'G': 0, 'H': 0, 'I': 1, 'K': 2, 'L': 1, 'M': 1, 'N': 2, 'P': 1, 'Q': 0, 'R': 1, 'S': 0, 'T': 0, 'V': 0, 'W': 2, 'Y': 5}",-43.55,-2.15,2024.63,5.0,25.0,20.65,25.0,5,False,65.0,True,20,0.69,"B31,B33,B52,B55,B57,B59,B101,B102,B103,B104,B105,B163,B165,B166,B185,B186,B227,B228,B229,B230",0.54,True,,,,,-1.4091,47.93,77.78,1.0904967784881592,6,0.19776438176631927,,False,0.95,0.25,True,0.8756600767374039,0.8635555505752563,82.426,3.32,True,"{'alpha_': 2.48, 'beta_': 49.59, 'loops_': 47.93, 'alpha_i': 0.0, 'beta_i': 22.22, 'loops_i': 77.78, 'i_plddt': 0.73, 'ss_plddt': 0.87}",0.36,True,"A37,A39,A41,A96,A98",115,/home/zichende/projects/generative-ai-project-share/results/germinal_phase2/runs/phase2_pdl1_smoke/pdl1_smoke/trajectories/structures/pdl1_scfv_s979559.pdb,EVQLVESGGGLVQPGGSLRLSCAASQKLSSKLYICWVRQAPGKGLEWVARIYIGCGYTRYADSVKGRLTISADTSKNTAYLQMNSLRAEDTAVYYCFTRHANLINEYHYWGQGTLVTVSSAGGGGSGGGCPGGYSDIQMTQSPSSLSASVGDRVTITCRASHDWWMAVAWYQQKPGKAPKLLIYYKTNRASGVPSRFSGSRSGTDFTLTISSLQPEDFATYYNQAEWPDYMYFGQGTKVEIK
pdl1_scfv_s979559_abmpnn_4,germinal,pdl1,phase2_pdl1_smoke,979559,scfv,EVQLVESGGGLVQPGGSLRLSCAASQKLSSKLYICWVRQAPGKGLEWVARIYIGCGYTRYADSVKGRLTISADTSKNTAYLQMNSLRAEDTAVYYCFTSHANLINEYHYWGQGTLVTVSSAGGGGSGGGCPGGYSDIQMTQSPSSLSASVGDRVTITCRASHDWWMAVAWYQQKPGKAPKLLIYYKTSLASGVPSRFSGSRSGTDFTLTISSLQPEDFATYYNQAEWPDYWYFGQGTKVEIK,chai,redesign_candidate,/home/zichende/projects/generative-ai-project-share/results/germinal_phase2/runs/phase2_pdl1_smoke/pdl1_smoke/trajectories/structures/pdl1_scfv_s979559_abmpnn_4_relaxed.pdb,0.6575631606923819,0.29411764697231835,3.72,0.0,48.76,20.0,2.222163438796997,True,True,-724.65,4,True,15,"8,8,13,6,6,9",35.7034,0,True,0,pdl1_scfv_s979559_abmpnn_4,0h 35m 54s,phase2_pdl1_smoke,0.70189387,7.2924,1,0.65653217,0.7847,0.6756457,False,7.4062,True,0.8394,0.8135,False,0.80688643,False,/home/zichende/projects/generative-ai-project-share/results/germinal_phase2/runs/phase2_pdl1_smoke/pdl1_smoke/trajectories/structures/pdl1_scfv_s979559_abmpnn_4_relaxed.pdb,"['H35C', 'F68L', 'G130C', 'S131P', 'G134Y', 'C223N']",0.4287269711494446,0,0,0.13507544994354248,0.7971712350845337,"{'A': 1, 'C': 1, 'D': 2, 'E': 0, 'F': 0, 'G': 0, 'H': 2, 'I': 1, 'K': 2, 'L': 1, 'M': 1, 'N': 2, 'P': 1, 'Q': 0, 'R': 1, 'S': 0, 'T': 0, 'V': 0, 'W': 3, 'Y': 5}",-56.6,-2.62,2161.17,3.0,13.04,22.76,34.78,8,True,60.87,True,23,0.67,"B31,B33,B50,B52,B55,B57,B100,B101,B102,B103,B104,B105,B134,B162,B163,B164,B165,B166,B185,B186,B227,B228,B229",0.67,True,,,,,-1.3689,47.52,80.0,1.0904967784881592,6,0.19776438176631927,,False,0.913,0.2609,True,0.8756600767374039,0.8635555505752563,80.8963,3.91,True,"{'alpha_': 3.72, 'beta_': 48.76, 'loops_': 47.52, 'alpha_i': 0.0, 'beta_i': 20.0, 'loops_i': 80.0, 'i_plddt': 0.7, 'ss_plddt': 0.87}",0.34,True,"A37,A39,A41,A96,A98",115,/home/zichende/projects/generative-ai-project-share/results/germinal_phase2/runs/phase2_pdl1_smoke/pdl1_smoke/trajectories/structures/pdl1_scfv_s979559.pdb,EVQLVESGGGLVQPGGSLRLSCAASQKLSSKLYICWVRQAPGKGLEWVARIYIGCGYTRYADSVKGRLTISADTSKNTAYLQMNSLRAEDTAVYYCFTSHANLINEYHYWGQGTLVTVSSAGGGGSGGGCPGGYSDIQMTQSPSSLSASVGDRVTITCRASHDWWMAVAWYQQKPGKAPKLLIYYKTSLASGVPSRFSGSRSGTDFTLTISSLQPEDFATYYNQAEWPDYWYFGQGTKVEIK
pdl1_scfv_s494416_abmpnn_3,germinal,pdl1,phase2_pdl1_smoke,494416,scfv,EVQLVESGGGLVQPGGSLRLSCAASQSLGSNTVIHWVRQAPGKGLEWVARVEFTYSDTRYADSVKGRFTISADTSKNTAYLQMNSLRAEDTAVYYCANSTMVSMPSGAGWGQGTLVTVSSAGGGGSGGCGSGGGSDIQMTQSPSSLSASVGDRVTITCRASWPWATTVAWYQQKPGKAPKLLIYMEHDNVSGVPSRFSGSRSGTDFTLTISSLQPEDFATYYCQQIWPGRFYFGQGTKVEIK,chai,redesign_candidate,/home/zichende/projects/generative-ai-project-share/results/germinal_phase2/runs/phase2_pdl1_smoke/pdl1_smoke/trajectories/structures/pdl1_scfv_s494416_abmpnn_3_relaxed.pdb,0.6261258217180686,0.4285714284489796,3.72,0.0,47.11,26.32,2.282968521118164,True,True,-697.5,3,True,19,"8,8,13,6,6,9",33.9038,0,True,0,pdl1_scfv_s494416_abmpnn_3,0h 42m 1s,phase2_pdl1_smoke,0.5920315,7.3028,1,0.579926,0.7456,0.53932476,False,8.1899,False,0.8253,0.8066,False,0.8028583,False,/home/zichende/projects/generative-ai-project-share/results/germinal_phase2/runs/phase2_pdl1_smoke/pdl1_smoke/trajectories/structures/pdl1_scfv_s494416_abmpnn_3_relaxed.pdb,['G129C'],0.4361950159072876,1,0,0.15638907253742218,0.7686073780059814,"{'A': 1, 'C': 0, 'D': 1, 'E': 2, 'F': 0, 'G': 0, 'H': 0, 'I': 0, 'K': 0, 'L': 0, 'M': 2, 'N': 1, 'P': 2, 'Q': 0, 'R': 3, 'S': 2, 'T': 4, 'V': 2, 'W': 3, 'Y': 1}",-33.12,-1.68,1965.88,5.0,20.83,20.08,12.5,3,False,45.83,True,24,0.61,"B30,B31,B33,B50,B52,B54,B55,B57,B59,B100,B101,B102,B103,B162,B163,B164,B165,B166,B167,B185,B186,B201,B227,B228",0.46,False,,,,,-1.256,49.17,73.68,1.25374436378479,1,0.22061371803283691,,False,0.875,0.1667,True,0.8599813282489777,0.8495640754699707,76.4448,9.07,False,"{'alpha_': 3.72, 'beta_': 47.11, 'loops_': 49.17, 'alpha_i': 0.0, 'beta_i': 26.32, 'loops_i': 73.68, 'i_plddt': 0.67, 'ss_plddt': 0.87}",0.35,True,"A37,A39,A41,A96,A98",115,/home/zichende/projects/generative-ai-project-share/results/germinal_phase2/runs/phase2_pdl1_smoke/pdl1_smoke/trajectories/structures/pdl1_scfv_s494416.pdb,EVQLVESGGGLVQPGGSLRLSCAASQSLGSNTVIHWVRQAPGKGLEWVARVEFTYSDTRYADSVKGRFTISADTSKNTAYLQMNSLRAEDTAVYYCANSTMVSMPSGAGWGQGTLVTVSSAGGGGSGGCGSGGGSDIQMTQSPSSLSASVGDRVTITCRASWPWATTVAWYQQKPGKAPKLLIYMEHDNVSGVPSRFSGSRSGTDFTLTISSLQPEDFATYYCQQIWPGRFYFGQGTKVEIK
pdl1_scfv_s979559_abmpnn_3,germinal,pdl1,phase2_pdl1_smoke,979559,scfv,EVQLVESGGGLVQPGGSLRLSCAASQKLSSKDYICWVRQAPGKGLEWVARIYIGCGYTRYADSVKGRLTISADTSKNTAYLQMNSLRAEDTAVYYCFTAHANLIYERHYWGQGTLVTVSSAGGGGSGGGCPGGYSDIQMTQSPSSLSASVGDRVTITCRASHDWWMAVAWYQQKPGKAPKLLIYYKTSRASGVPSRFSGSRSGTDFTLTISSLQPEDFATYYNQAEWPDYFYFGQGTKVEIK,chai,redesign_candidate,/home/zichende/projects/generative-ai-project-share/results/germinal_phase2/runs/phase2_pdl1_smoke/pdl1_smoke/trajectories/structures/pdl1_scfv_s979559_abmpnn_3_relaxed.pdb,0.6565064395873976,0.29411764697231835,4.96,0.0,49.59,18.18,2.222163438796997,True,True,-692.67,3,True,12,"8,8,13,6,6,9",37.7438,0,True,0,pdl1_scfv_s979559_abmpnn_3,0h 33m 35s,phase2_pdl1_smoke,0.56159055,8.6727,1,0.4468636,0.7091,0.52079415,False,9.166,False,0.8174,0.7936,False,0.7247761,False,/home/zichende/projects/generative-ai-project-share/results/germinal_phase2/runs/phase2_pdl1_smoke/pdl1_smoke/trajectories/structures/pdl1_scfv_s979559_abmpnn_3_relaxed.pdb,"['H35C', 'F68L', 'G130C', 'S131P', 'G134Y', 'C223N']",0.4287269711494446,1,0,0.13507544994354248,0.7971712350845337,"{'A': 1, 'C': 1, 'D': 2, 'E': 0, 'F': 0, 'G': 2, 'H': 0, 'I': 1, 'K': 2, 'L': 1, 'M': 1, 'N': 1, 'P': 2, 'Q': 0, 'R': 3, 'S': 0, 'T': 0, 'V': 0, 'W': 2, 'Y': 5}",-35.01,-1.75,1995.2,4.0,16.67,18.94,25.0,6,True,58.33,True,24,0.67,"B31,B50,B52,B55,B57,B59,B101,B102,B103,B104,B105,B131,B132,B133,B134,B163,B164,B166,B185,B186,B201,B227,B228,B229",0.58,True,,,,,-1.3943,45.45,81.82,1.0904967784881592,6,0.19776438176631927,,False,0.7083,0.2083,True,0.8756600767374039,0.8635555505752563,89.914,5.53,True,"{'alpha_': 4.96, 'beta_': 49.59, 'loops_': 45.45, 'alpha_i': 0.0, 'beta_i': 18.18, 'loops_i': 81.82, 'i_plddt': 0.59, 'ss_plddt': 0.85}",0.39,True,"A37,A39,A41,A96,A98",115,/home/zichende/projects/generative-ai-project-share/results/germinal_phase2/runs/phase2_pdl1_smoke/pdl1_smoke/trajectories/structures/pdl1_scfv_s979559.pdb,EVQLVESGGGLVQPGGSLRLSCAASQKLSSKDYICWVRQAPGKGLEWVARIYIGCGYTRYADSVKGRLTISADTSKNTAYLQMNSLRAEDTAVYYCFTAHANLIYERHYWGQGTLVTVSSAGGGGSGGGCPGGYSDIQMTQSPSSLSASVGDRVTITCRASHDWWMAVAWYQQKPGKAPKLLIYYKTSRASGVPSRFSGSRSGTDFTLTISSLQPEDFATYYNQAEWPDYFYFGQGTKVEIK
pdl1_scfv_s979559_abmpnn_1,germinal,pdl1,phase2_pdl1_smoke,979559,scfv,EVQLVESGGGLVQPGGSLRLSCAASQKLSSKTYICWVRQAPGKGLEWVARVYIGCGYTRYADSVKGRLTISADTSKNTAYLQMNSLRAEDTAVYYCFTVHANLINEYHYWGQGTLVTVSSAGGGGSGGGCPGGYSDIQMTQSPSSLSASVGDRVTITCRASHDWWMSVAWYQQKPGKAPKLLIYYKTSRASGVPSRFSGSRSGTDFTLTISSLQPEDFATYYNQAEWPDYWYFGQGTKVEIK,chai,redesign_candidate,/home/zichende/projects/generative-ai-project-share/results/germinal_phase2/runs/phase2_pdl1_smoke/pdl1_smoke/trajectories/structures/pdl1_scfv_s979559_abmpnn_1_relaxed.pdb,0.6426217521239483,0.3235294116695502,4.96,5.0,50.83,30.0,2.222163438796997,True,True,-734.15,0,False,8,"8,8,13,6,6,9",32.3207,0,True,0,pdl1_scfv_s979559_abmpnn_1,0h 28m 52s,phase2_pdl1_smoke,0.5626018,8.0866,1,0.4396497,0.7493,0.51875895,False,9.0194,False,0.8306,0.8076,False,0.7379733,False,/home/zichende/projects/generative-ai-project-share/results/germinal_phase2/runs/phase2_pdl1_smoke/pdl1_smoke/trajectories/structures/pdl1_scfv_s979559_abmpnn_1_relaxed.pdb,"['H35C', 'F68L', 'G130C', 'S131P', 'G134Y', 'C223N']",0.4287269711494446,1,0,0.13507544994354248,0.7971712350845337,"{'A': 1, 'C': 1, 'D': 2, 'E': 1, 'F': 0, 'G': 2, 'H': 0, 'I': 1, 'K': 2, 'L': 1, 'M': 1, 'N': 2, 'P': 2, 'Q': 0, 'R': 2, 'S': 0, 'T': 0, 'V': 0, 'W': 2, 'Y': 5}",-48.78,-2.58,1891.33,1.0,4.0,18.77,40.0,10,True,56.0,True,25,0.55,"B31,B33,B50,B52,B55,B57,B59,B101,B102,B103,B104,B105,B106,B131,B132,B133,B134,B163,B164,B166,B185,B186,B227,B228,B229",0.52,True,,,,,-1.3815,44.21,65.0,1.0904967784881592,6,0.19776438176631927,,False,0.76,0.24,True,0.8756600767374039,0.8635555505752563,81.2374,8.69,False,"{'alpha_': 4.96, 'beta_': 50.83, 'loops_': 44.21, 'alpha_i': 5.0, 'beta_i': 30.0, 'loops_i': 65.0, 'i_plddt': 0.67, 'ss_plddt': 0.84}",0.39,True,"A37,A39,A41,A96,A98",115,/home/zichende/projects/generative-ai-project-share/results/germinal_phase2/runs/phase2_pdl1_smoke/pdl1_smoke/trajectories/structures/pdl1_scfv_s979559.pdb,EVQLVESGGGLVQPGGSLRLSCAASQKLSSKTYICWVRQAPGKGLEWVARVYIGCGYTRYADSVKGRLTISADTSKNTAYLQMNSLRAEDTAVYYCFTVHANLINEYHYWGQGTLVTVSSAGGGGSGGGCPGGYSDIQMTQSPSSLSASVGDRVTITCRASHDWWMSVAWYQQKPGKAPKLLIYYKTSRASGVPSRFSGSRSGTDFTLTISSLQPEDFATYYNQAEWPDYWYFGQGTKVEIK
pdl1_scfv_s494416_abmpnn_1,germinal,pdl1,phase2_pdl1_smoke,494416,scfv,EVQLVESGGGLVQPGGSLRLSCAASQSLSSNTVIHWVRQAPGKGLEWVARVEFIYSDTRYADSVKGRFTISADTSKNTAYLQMNSLRAEDTAVYYCANTTMVSFPSGAGWGQGTLVTVSSAGGGGSGGCGSGGGSDIQMTQSPSSLSASVGDRVTITCRASWPWATSVAWYQQKPGKAPKLLIYMEHDNVSGVPSRFSGSRSGTDFTLTISSLQPEDFATYYCCHVWPGRFYFGQGTKVEIK,chai,redesign_candidate,/home/zichende/projects/generative-ai-project-share/results/germinal_phase2/runs/phase2_pdl1_smoke/pdl1_smoke/trajectories/structures/pdl1_scfv_s494416_abmpnn_1_relaxed.pdb,0.6000758105504921,0.371428571322449,3.72,0.0,47.52,23.08,2.282968521118164,True,True,-712.3,3,True,15,"8,8,13,6,6,9",44.6009,0,True,0,pdl1_scfv_s494416_abmpnn_1,0h 37m 25s,phase2_pdl1_smoke,0.5249046,10.4576,1,0.50870305,0.7689,0.4801494,False,11.1158,False,0.8272,0.8041,False,0.70392543,False,/home/zichende/projects/generative-ai-project-share/results/germinal_phase2/runs/phase2_pdl1_smoke/pdl1_smoke/trajectories/structures/pdl1_scfv_s494416_abmpnn_1_relaxed.pdb,['G129C'],0.4361950159072876,2,0,0.15638907253742218,0.7686073780059814,"{'A': 0, 'C': 0, 'D': 1, 'E': 1, 'F': 1, 'G': 1, 'H': 0, 'I': 1, 'K': 0, 'L': 0, 'M': 1, 'N': 1, 'P': 2, 'Q': 0, 'R': 2, 'S': 0, 'T': 1, 'V': 1, 'W': 3, 'Y': 1}",-34.65,-2.23,1555.95,4.0,23.53,15.14,17.65,3,False,58.82,True,17,0.65,"B31,B50,B52,B54,B55,B57,B59,B101,B102,B104,B162,B163,B164,B166,B227,B228,B229",0.7,True,,,,,-1.2524,48.76,76.92,1.25374436378479,1,0.22061371803283691,,False,0.8824,0.1765,True,0.8599813282489777,0.8495640754699707,90.4692,7.04,False,"{'alpha_': 3.72, 'beta_': 47.52, 'loops_': 48.76, 'alpha_i': 0.0, 'beta_i': 23.08, 'loops_i': 76.92, 'i_plddt': 0.66, 'ss_plddt': 0.87}",0.35,True,"A37,A39,A41,A96,A98",115,/home/zichende/projects/generative-ai-project-share/results/germinal_phase2/runs/phase2_pdl1_smoke/pdl1_smoke/trajectories/structures/pdl1_scfv_s494416.pdb,EVQLVESGGGLVQPGGSLRLSCAASQSLSSNTVIHWVRQAPGKGLEWVARVEFIYSDTRYADSVKGRFTISADTSKNTAYLQMNSLRAEDTAVYYCANTTMVSFPSGAGWGQGTLVTVSSAGGGGSGGCGSGGGSDIQMTQSPSSLSASVGDRVTITCRASWPWATSVAWYQQKPGKAPKLLIYMEHDNVSGVPSRFSGSRSGTDFTLTISSLQPEDFATYYCCHVWPGRFYFGQGTKVEIK
pdl1_scfv_s494416_abmpnn_2,germinal,pdl1,phase2_pdl1_smoke,494416,scfv,EVQLVESGGGLVQPGGSLRLSCAASQSLSSNTVIHWVRQAPGKGLEWVARVEFIYSDTRYADSVKGRFTISADTSKNTAYLQMNSLRAEDTAVYYCANSTMVSFPSGAGWGQGTLVTVSSAGGGGSGGCGSGGGSDIQMTQSPSSLSASVGDRVTITCRASWPWATSVAWYQQKPGKAPKLLIYMEHDNVSGVPSRFSGSRSGTDFTLTISSLQPEDFATYYCLQVWPGRFYFGQGTKVEIK,chai,redesign_candidate,/home/zichende/projects/generative-ai-project-share/results/germinal_phase2/runs/phase2_pdl1_smoke/pdl1_smoke/trajectories/structures/pdl1_scfv_s494416_abmpnn_2_relaxed.pdb,0.609370206973833,0.3999999998857143,4.96,0.0,47.52,26.67,2.282968521118164,True,True,-739.2,4,True,17,"8,8,13,6,6,9",36.3167,0,True,0,pdl1_scfv_s494416_abmpnn_2,0h 39m 43s,phase2_pdl1_smoke,0.51607674,7.5233,1,0.49254853,0.7486,0.45380592,False,9.1103,False,0.8264,0.8101,False,0.7651599,False,/home/zichende/projects/generative-ai-project-share/results/germinal_phase2/runs/phase2_pdl1_smoke/pdl1_smoke/trajectories/structures/pdl1_scfv_s494416_abmpnn_2_relaxed.pdb,['G129C'],0.4361950159072876,1,0,0.15638907253742218,0.7686073780059814,"{'A': 1, 'C': 0, 'D': 2, 'E': 2, 'F': 0, 'G': 0, 'H': 0, 'I': 0, 'K': 0, 'L': 0, 'M': 2, 'N': 1, 'P': 2, 'Q': 0, 'R': 2, 'S': 2, 'T': 2, 'V': 3, 'W': 3, 'Y': 2}",-37.51,-2.04,1835.89,5.0,20.83,18.77,25.0,6,True,54.17,True,24,0.68,"B31,B33,B52,B55,B57,B59,B100,B101,B102,B103,B162,B163,B164,B165,B166,B167,B184,B185,B186,B188,B201,B226,B227,B228",0.68,True,,,,,-1.2443,47.52,73.33,1.25374436378479,1,0.22061371803283691,,False,0.875,0.1667,True,0.8599813282489777,0.8495640754699707,79.5663,7.09,False,"{'alpha_': 4.96, 'beta_': 47.52, 'loops_': 47.52, 'alpha_i': 0.0, 'beta_i': 26.67, 'loops_i': 73.33, 'i_plddt': 0.66, 'ss_plddt': 0.87}",0.35,True,"A37,A39,A41,A96,A98",115,/home/zichende/projects/generative-ai-project-share/results/germinal_phase2/runs/phase2_pdl1_smoke/pdl1_smoke/trajectories/structures/pdl1_scfv_s494416.pdb,EVQLVESGGGLVQPGGSLRLSCAASQSLSSNTVIHWVRQAPGKGLEWVARVEFIYSDTRYADSVKGRFTISADTSKNTAYLQMNSLRAEDTAVYYCANSTMVSFPSGAGWGQGTLVTVSSAGGGGSGGCGSGGGSDIQMTQSPSSLSASVGDRVTITCRASWPWATSVAWYQQKPGKAPKLLIYMEHDNVSGVPSRFSGSRSGTDFTLTISSLQPEDFATYYCLQVWPGRFYFGQGTKVEIK
pdl1_scfv_s494416_abmpnn_4,germinal,pdl1,phase2_pdl1_smoke,494416,scfv,EVQLVESGGGLVQPGGSLRLSCAASQSLSSNTVIHWVRQAPGKGLEWVARVEFIYSDTRYADSVKGRFTISADTSKNTAYLQMNSLRAEDTAVYYCLNTTMVSFPSGAGWGQGTLVTVSSAGGGGSGGCGSGGGSDIQMTQSPSSLSASVGDRVTITCRASWPWATSVAWYQQKPGKAPKLLIYMEHDNVSGVPSRFSGSRSGTDFTLTISSLQPEDFATYYCCQVWPGRLYFGQGTKVEIK,chai,redesign_candidate,/home/zichende/projects/generative-ai-project-share/results/germinal_phase2/runs/phase2_pdl1_smoke/pdl1_smoke/trajectories/structures/pdl1_scfv_s494416_abmpnn_4_relaxed.pdb,0.6265227441615495,0.371428571322449,2.48,0.0,50.83,30.0,2.282968521118164,True,True,-667.29,5,True,10,"8,8,13,6,6,9",46.0988,0,True,0,pdl1_scfv_s494416_abmpnn_4,0h 44m 19s,phase2_pdl1_smoke,0.46856257,11.8381,1,0.5828775,0.7423,0.42771095,False,12.6373,False,0.8229,0.798,False,0.631969,False,/home/zichende/projects/generative-ai-project-share/results/germinal_phase2/runs/phase2_pdl1_smoke/pdl1_smoke/trajectories/structures/pdl1_scfv_s494416_abmpnn_4_relaxed.pdb,['G129C'],0.4361950159072876,0,0,0.15638907253742218,0.7686073780059814,"{'A': 0, 'C': 0, 'D': 1, 'E': 1, 'F': 1, 'G': 0, 'H': 0, 'I': 1, 'K': 0, 'L': 0, 'M': 1, 'N': 1, 'P': 1, 'Q': 0, 'R': 2, 'S': 1, 'T': 1, 'V': 1, 'W': 0, 'Y': 1}",-30.59,-2.76,1106.7,2.0,15.38,10.1,46.15,6,True,46.15,True,13,0.66,"B31,B50,B52,B54,B55,B57,B59,B100,B101,B102,B103,B104,B105",0.64,True,,,,,-1.2667,46.69,70.0,1.25374436378479,1,0.22061371803283691,,False,0.8462,0.4615,True,0.8599813282489777,0.8495640754699707,102.8564,23.12,False,"{'alpha_': 2.48, 'beta_': 50.83, 'loops_': 46.69, 'alpha_i': 0.0, 'beta_i': 30.0, 'loops_i': 70.0, 'i_plddt': 0.67, 'ss_plddt': 0.84}",0.37,True,"A37,A39,A41,A96,A98",115,/home/zichende/projects/generative-ai-project-share/results/germinal_phase2/runs/phase2_pdl1_smoke/pdl1_smoke/trajectories/structures/pdl1_scfv_s494416.pdb,EVQLVESGGGLVQPGGSLRLSCAASQSLSSNTVIHWVRQAPGKGLEWVARVEFIYSDTRYADSVKGRFTISADTSKNTAYLQMNSLRAEDTAVYYCLNTTMVSFPSGAGWGQGTLVTVSSAGGGGSGGCGSGGGSDIQMTQSPSSLSASVGDRVTITCRASWPWATSVAWYQQKPGKAPKLLIYMEHDNVSGVPSRFSGSRSGTDFTLTISSLQPEDFATYYCCQVWPGRLYFGQGTKVEIK
