phase3_rank,candidate_id,target,run_id,phase3_sequence,phase3_composite_score,esm2_binding_koenig,esm2_expression_koenig,esm2_binding_warszawski
1,pdl1_scfv_s979559_abmpnn_3,pdl1,phase2_pdl1_smoke,EVQLVESGGGLVQPGGSLRLSCAASQKLSSKDYICWVRQAPGKGLEWVARIYIGCGYTRYADSVKGRLTISADTSKNTAYLQMNSLRAEDTAVYYCFTAHANLIYERHYWGQGTLVTVSSAGGGGSGGGCPGGYSDIQMTQSPSSLSASVGDRVTITCRASHDWWMAVAWYQQKPGKAPKLLIYYKTSRASGVPSRFSGSRSGTDFTLTISSLQPEDFATYYNQAEWPDYFYFGQGTKVEIK,0.8313142702771973,-0.03455536812543869,0.05696982145309448,0.12475065886974335
2,pdl1_scfv_s494416_abmpnn_2,pdl1,phase2_pdl1_smoke,EVQLVESGGGLVQPGGSLRLSCAASQSLSSNTVIHWVRQAPGKGLEWVARVEFIYSDTRYADSVKGRFTISADTSKNTAYLQMNSLRAEDTAVYYCANSTMVSFPSGAGWGQGTLVTVSSAGGGGSGGCGSGGGSDIQMTQSPSSLSASVGDRVTITCRASWPWATSVAWYQQKPGKAPKLLIYMEHDNVSGVPSRFSGSRSGTDFTLTISSLQPEDFATYYCLQVWPGRFYFGQGTKVEIK,0.3272618447878655,-0.03843776509165764,0.05813617259263992,0.12092825770378113
3,pdl1_scfv_s979559_abmpnn_1,pdl1,phase2_pdl1_smoke,EVQLVESGGGLVQPGGSLRLSCAASQKLSSKTYICWVRQAPGKGLEWVARVYIGCGYTRYADSVKGRLTISADTSKNTAYLQMNSLRAEDTAVYYCFTVHANLINEYHYWGQGTLVTVSSAGGGGSGGGCPGGYSDIQMTQSPSSLSASVGDRVTITCRASHDWWMSVAWYQQKPGKAPKLLIYYKTSRASGVPSRFSGSRSGTDFTLTISSLQPEDFATYYNQAEWPDYWYFGQGTKVEIK,0.3237441894365257,-0.03606383875012398,0.05684811994433403,0.11558790504932404
4,pdl1_scfv_s979559_abmpnn_2,pdl1,phase2_pdl1_smoke,EVQLVESGGGLVQPGGSLRLSCAASQKLSSKLYICWVRQAPGKGLEWVARIYIGCGYTRYADSVKGRLTISADTSKNTAYLQMNSLRAEDTAVYYCFTRHANLINEYHYWGQGTLVTVSSAGGGGSGGGCPGGYSDIQMTQSPSSLSASVGDRVTITCRASHDWWMAVAWYQQKPGKAPKLLIYYKTNRASGVPSRFSGSRSGTDFTLTISSLQPEDFATYYNQAEWPDYMYFGQGTKVEIK,0.20167066432987077,-0.032958850264549255,0.057164378464221954,0.10288432240486145
5,pdl1_scfv_s494416_abmpnn_3,pdl1,phase2_pdl1_smoke,EVQLVESGGGLVQPGGSLRLSCAASQSLGSNTVIHWVRQAPGKGLEWVARVEFTYSDTRYADSVKGRFTISADTSKNTAYLQMNSLRAEDTAVYYCANSTMVSMPSGAGWGQGTLVTVSSAGGGGSGGCGSGGGSDIQMTQSPSSLSASVGDRVTITCRASWPWATTVAWYQQKPGKAPKLLIYMEHDNVSGVPSRFSGSRSGTDFTLTISSLQPEDFATYYCQQIWPGRFYFGQGTKVEIK,0.10772283943373982,-0.03871352970600128,0.056632205843925476,0.11772142350673676
6,pdl1_scfv_s979559_abmpnn_4,pdl1,phase2_pdl1_smoke,EVQLVESGGGLVQPGGSLRLSCAASQKLSSKLYICWVRQAPGKGLEWVARIYIGCGYTRYADSVKGRLTISADTSKNTAYLQMNSLRAEDTAVYYCFTSHANLINEYHYWGQGTLVTVSSAGGGGSGGGCPGGYSDIQMTQSPSSLSASVGDRVTITCRASHDWWMAVAWYQQKPGKAPKLLIYYKTSLASGVPSRFSGSRSGTDFTLTISSLQPEDFATYYNQAEWPDYWYFGQGTKVEIK,-0.32247409030950164,-0.03706270083785057,0.05685975402593613,0.10103636980056763
7,pdl1_scfv_s494416_abmpnn_4,pdl1,phase2_pdl1_smoke,EVQLVESGGGLVQPGGSLRLSCAASQSLSSNTVIHWVRQAPGKGLEWVARVEFIYSDTRYADSVKGRFTISADTSKNTAYLQMNSLRAEDTAVYYCLNTTMVSFPSGAGWGQGTLVTVSSAGGGGSGGCGSGGGSDIQMTQSPSSLSASVGDRVTITCRASWPWATSVAWYQQKPGKAPKLLIYMEHDNVSGVPSRFSGSRSGTDFTLTISSLQPEDFATYYCCQVWPGRLYFGQGTKVEIK,-0.6821050654943467,-0.04046701639890671,0.04119359701871872,0.12116901576519012
8,pdl1_scfv_s494416_abmpnn_1,pdl1,phase2_pdl1_smoke,EVQLVESGGGLVQPGGSLRLSCAASQSLSSNTVIHWVRQAPGKGLEWVARVEFIYSDTRYADSVKGRFTISADTSKNTAYLQMNSLRAEDTAVYYCANTTMVSFPSGAGWGQGTLVTVSSAGGGGSGGCGSGGGSDIQMTQSPSSLSASVGDRVTITCRASWPWATSVAWYQQKPGKAPKLLIYMEHDNVSGVPSRFSGSRSGTDFTLTISSLQPEDFATYYCCHVWPGRFYFGQGTKVEIK,-0.7871346524613508,-0.04246349632740021,0.04262097179889679,0.12230844050645828
